-- MySQL dump 10.13  Distrib 5.5.15, for Win32 (x86)
--
-- Host: localhost    Database: elibrary
-- ------------------------------------------------------
-- Server version	5.5.17

/*!40101 SET @OLD_CHARACTER_SET_CLIENT=@@CHARACTER_SET_CLIENT */;
/*!40101 SET @OLD_CHARACTER_SET_RESULTS=@@CHARACTER_SET_RESULTS */;
/*!40101 SET @OLD_COLLATION_CONNECTION=@@COLLATION_CONNECTION */;
/*!40101 SET NAMES utf8 */;
/*!40103 SET @OLD_TIME_ZONE=@@TIME_ZONE */;
/*!40103 SET TIME_ZONE='+00:00' */;
/*!40014 SET @OLD_UNIQUE_CHECKS=@@UNIQUE_CHECKS, UNIQUE_CHECKS=0 */;
/*!40014 SET @OLD_FOREIGN_KEY_CHECKS=@@FOREIGN_KEY_CHECKS, FOREIGN_KEY_CHECKS=0 */;
/*!40101 SET @OLD_SQL_MODE=@@SQL_MODE, SQL_MODE='NO_AUTO_VALUE_ON_ZERO' */;
/*!40111 SET @OLD_SQL_NOTES=@@SQL_NOTES, SQL_NOTES=0 */;

--
-- Current Database: `elibrary`
--

CREATE DATABASE /*!32312 IF NOT EXISTS*/ `elibrary` /*!40100 DEFAULT CHARACTER SET utf8 COLLATE utf8_unicode_ci */;

USE `elibrary`;

--
-- Table structure for table `faculty`
--

DROP TABLE IF EXISTS `faculty`;
/*!40101 SET @saved_cs_client     = @@character_set_client */;
/*!40101 SET character_set_client = utf8 */;
CREATE TABLE `faculty` (
  `FacultyID` int(11) NOT NULL,
  `FacultyNameEN` varchar(255) COLLATE utf8_unicode_ci DEFAULT NULL,
  `FacultyNameVN` varchar(255) COLLATE utf8_unicode_ci DEFAULT NULL,
  PRIMARY KEY (`FacultyID`)
) ENGINE=InnoDB DEFAULT CHARSET=utf8 COLLATE=utf8_unicode_ci;
/*!40101 SET character_set_client = @saved_cs_client */;

--
-- Dumping data for table `faculty`
--

LOCK TABLES `faculty` WRITE;
/*!40000 ALTER TABLE `faculty` DISABLE KEYS */;
INSERT INTO `faculty` VALUES (1,'Computer science','Khoa học máy tính'),(2,'Software engineering','Công nghệ phần mềm'),(3,'Information system','Hệ thống thông tin'),(4,'Computer technical','Kỹ thuật máy tính'),(5,'Computer network & Communication','Mạng máy tính và truyền thông');
/*!40000 ALTER TABLE `faculty` ENABLE KEYS */;
UNLOCK TABLES;



--
-- Table structure for table `resourcecategory`
--

DROP TABLE IF EXISTS `resourcecategory`;
/*!40101 SET @saved_cs_client     = @@character_set_client */;
/*!40101 SET character_set_client = utf8 */;
CREATE TABLE `resourcecategory` (
  `ResourceCategoryID` int(11) NOT NULL,
  `ResourceCategoryNameVN` varchar(255) COLLATE utf8_unicode_ci DEFAULT NULL,
  `ResourceCategoryNameEN` varchar(255) COLLATE utf8_unicode_ci DEFAULT NULL,
  PRIMARY KEY (`ResourceCategoryID`)
) ENGINE=InnoDB DEFAULT CHARSET=utf8 COLLATE=utf8_unicode_ci;
/*!40101 SET character_set_client = @saved_cs_client */;

--
-- Dumping data for table `resourcecategory`
--

LOCK TABLES `resourcecategory` WRITE;
/*!40000 ALTER TABLE `resourcecategory` DISABLE KEYS */;
INSERT INTO `resourcecategory` VALUES (1,'Giáo trình','Subject'),(2,'Khóa luận','Khóa luận'),(3,'Bài báo','Paper'),(4,'Bài tập','Assignments'),(5,'Ví dụ','Example'),(6,'Đồ án mẫu','Project'),(7,'Chương','Chapter'),(8,'Ảnh','Image'),(9,'Tài liệu tham khảo','Reading'),(10,'Bài giảng','Lecture Note'),(11,'Video','Video');
/*!40000 ALTER TABLE `resourcecategory` ENABLE KEYS */;
UNLOCK TABLES;



--
-- Table structure for table `subjectcategory`
--

DROP TABLE IF EXISTS `subjectcategory`;
/*!40101 SET @saved_cs_client     = @@character_set_client */;
/*!40101 SET character_set_client = utf8 */;
CREATE TABLE `subjectcategory` (
  `SubjectCategoryID` int(11) NOT NULL,
  `SubjectCategoryNameEN` varchar(255) COLLATE utf8_unicode_ci DEFAULT NULL,
  `SubjectCategoryNameVN` varchar(255) COLLATE utf8_unicode_ci DEFAULT NULL,
  PRIMARY KEY (`SubjectCategoryID`)
) ENGINE=InnoDB DEFAULT CHARSET=utf8 COLLATE=utf8_unicode_ci;
/*!40101 SET character_set_client = @saved_cs_client */;

--
-- Dumping data for table `subjectcategory`
--

LOCK TABLES `subjectcategory` WRITE;
/*!40000 ALTER TABLE `subjectcategory` DISABLE KEYS */;
INSERT INTO `subjectcategory` VALUES (1,'Base','Cơ sở'),(2,'Sub major','Chuyên ngành'),(3,'Optional','Tự chọn');
/*!40000 ALTER TABLE `subjectcategory` ENABLE KEYS */;
UNLOCK TABLES;


--
-- Table structure for table `subject`
--

DROP TABLE IF EXISTS `subject`;
/*!40101 SET @saved_cs_client     = @@character_set_client */;
/*!40101 SET character_set_client = utf8 */;
CREATE TABLE `subject` (
  `SubjectID` int(11) NOT NULL AUTO_INCREMENT,
  `SubjectCategoryID` int(11) DEFAULT NULL,
  `FacultyID` int(11) DEFAULT NULL,
  `SubjectNameVN` varchar(255) COLLATE utf8_unicode_ci DEFAULT NULL,
  `SubjectNameEN` varchar(255) COLLATE utf8_unicode_ci DEFAULT NULL,
  `SubjectIntroduceVN` text COLLATE utf8_unicode_ci,
  `SubjectIntroduceEN` text COLLATE utf8_unicode_ci,
  `NumberOfCredit` int(11) DEFAULT NULL,
  `Level` varchar(45) COLLATE utf8_unicode_ci DEFAULT NULL,
  `PeriodOfTheory` int(11) DEFAULT NULL,
  `PeriodOfPractice` int(11) DEFAULT NULL,
  `CourseCode` varchar(50) COLLATE utf8_unicode_ci DEFAULT NULL,
  `Teacher` varchar(255) COLLATE utf8_unicode_ci DEFAULT NULL,
  `PrerequisiteSubjectVN` varchar(255) COLLATE utf8_unicode_ci DEFAULT NULL,
  `PrerequisiteSubjectEN` varchar(255) COLLATE utf8_unicode_ci DEFAULT NULL,
  `MidtermGrade` int(10) DEFAULT NULL,
  `FinalGrade` int(10) DEFAULT NULL,
  `TimeTeaching` varchar(255) COLLATE utf8_unicode_ci DEFAULT NULL,
  `ProjectRequirementEN` text COLLATE utf8_unicode_ci,
  `ProjectRequirementVN` text COLLATE utf8_unicode_ci,
  `NumberChapter` int(11) unsigned zerofill DEFAULT NULL,
  PRIMARY KEY (`SubjectID`),
  KEY `fk_subject_subjectcategory` (`SubjectCategoryID`),
  KEY `fk_subject_speciality` (`FacultyID`),
  CONSTRAINT `fk_subject_faculty` FOREIGN KEY (`FacultyID`) REFERENCES `faculty` (`FacultyID`) ON DELETE NO ACTION ON UPDATE NO ACTION,
  CONSTRAINT `fk_subject_subjectcategory` FOREIGN KEY (`SubjectCategoryID`) REFERENCES `subjectcategory` (`SubjectCategoryID`) ON DELETE NO ACTION ON UPDATE NO ACTION
) ENGINE=InnoDB AUTO_INCREMENT=18 DEFAULT CHARSET=utf8 COLLATE=utf8_unicode_ci;
/*!40101 SET character_set_client = @saved_cs_client */;

--
-- Dumping data for table `subject`
--

LOCK TABLES `subject` WRITE;
/*!40000 ALTER TABLE `subject` DISABLE KEYS */;
INSERT INTO `subject` VALUES (16,1,NULL,'Tin Học Đại Cương A2','General Computing A2','<p><!--[if gte mso 9]><xml>\r\n<o:OfficeDocumentSettings>\r\n<o:TargetScreenSize>800x600</o:TargetScreenSize>\r\n</o:OfficeDocumentSettings>\r\n</xml><![endif]--><!--[if gte mso 9]><xml>\r\n<w:WordDocument>\r\n<w:View>Normal</w:View>\r\n<w:Zoom>0</w:Zoom>\r\n<w:TrackMoves />\r\n<w:TrackFormatting />\r\n<w:PunctuationKerning />\r\n<w:ValidateAgainstSchemas />\r\n<w:SaveIfXMLInvalid>false</w:SaveIfXMLInvalid>\r\n<w:IgnoreMixedContent>false</w:IgnoreMixedContent>\r\n<w:AlwaysShowPlaceholderText>false</w:AlwaysShowPlaceholderText>\r\n<w:DoNotPromoteQF />\r\n<w:LidThemeOther>EN-US</w:LidThemeOther>\r\n<w:LidThemeAsian>X-NONE</w:LidThemeAsian>\r\n<w:LidThemeComplexScript>X-NONE</w:LidThemeComplexScript>\r\n<w:Compatibility>\r\n<w:BreakWrappedTables />\r\n<w:SnapToGridInCell />\r\n<w:WrapTextWithPunct />\r\n<w:UseAsianBreakRules />\r\n<w:DontGrowAutofit />\r\n<w:SplitPgBreakAndParaMark />\r\n<w:EnableOpenTypeKerning />\r\n<w:DontFlipMirrorIndents />\r\n<w:OverrideTableStyleHps />\r\n</w:Compatibility>\r\n<w:BrowserLevel>MicrosoftInternetExplorer4</w:BrowserLevel>\r\n<m:mathPr>\r\n<m:mathFont m:val=\"Cambria Math\" />\r\n<m:brkBin m:val=\"before\" />\r\n<m:brkBinSub m:val=\"&#45;-\" />\r\n<m:smallFrac m:val=\"off\" />\r\n<m:dispDef />\r\n<m:lMargin m:val=\"0\" />\r\n<m:rMargin m:val=\"0\" />\r\n<m:defJc m:val=\"centerGroup\" />\r\n<m:wrapIndent m:val=\"1440\" />\r\n<m:intLim m:val=\"subSup\" />\r\n<m:naryLim m:val=\"undOvr\" />\r\n</m:mathPr></w:WordDocument>\r\n</xml><![endif]--><!--[if gte mso 9]><xml>\r\n<w:LatentStyles DefLockedState=\"false\" DefUnhideWhenUsed=\"true\"\r\nDefSemiHidden=\"true\" DefQFormat=\"false\" DefPriority=\"99\"\r\nLatentStyleCount=\"267\">\r\n<w:LsdException Locked=\"false\" Priority=\"0\" SemiHidden=\"false\"\r\nUnhideWhenUsed=\"false\" QFormat=\"true\" Name=\"Normal\" />\r\n<w:LsdException Locked=\"false\" Priority=\"9\" SemiHidden=\"false\"\r\nUnhideWhenUsed=\"false\" QFormat=\"true\" Name=\"heading 1\" />\r\n<w:LsdException Locked=\"false\" Priority=\"9\" QFormat=\"true\" Name=\"heading 2\" />\r\n<w:LsdException Locked=\"false\" Priority=\"9\" QFormat=\"true\" Name=\"heading 3\" />\r\n<w:LsdException Locked=\"false\" Priority=\"9\" QFormat=\"true\" Name=\"heading 4\" />\r\n<w:LsdException Locked=\"false\" Priority=\"9\" QFormat=\"true\" Name=\"heading 5\" />\r\n<w:LsdException Locked=\"false\" Priority=\"9\" QFormat=\"true\" Name=\"heading 6\" />\r\n<w:LsdException Locked=\"false\" Priority=\"9\" QFormat=\"true\" Name=\"heading 7\" />\r\n<w:LsdException Locked=\"false\" Priority=\"9\" QFormat=\"true\" Name=\"heading 8\" />\r\n<w:LsdException Locked=\"false\" Priority=\"9\" QFormat=\"true\" Name=\"heading 9\" />\r\n<w:LsdException Locked=\"false\" Priority=\"39\" Name=\"toc 1\" />\r\n<w:LsdException Locked=\"false\" Priority=\"39\" Name=\"toc 2\" />\r\n<w:LsdException Locked=\"false\" Priority=\"39\" Name=\"toc 3\" />\r\n<w:LsdException Locked=\"false\" Priority=\"39\" Name=\"toc 4\" />\r\n<w:LsdException Locked=\"false\" Priority=\"39\" Name=\"toc 5\" />\r\n<w:LsdException Locked=\"false\" Priority=\"39\" Name=\"toc 6\" />\r\n<w:LsdException Locked=\"false\" Priority=\"39\" Name=\"toc 7\" />\r\n<w:LsdException Locked=\"false\" Priority=\"39\" Name=\"toc 8\" />\r\n<w:LsdException Locked=\"false\" Priority=\"39\" Name=\"toc 9\" />\r\n<w:LsdException Locked=\"false\" Priority=\"35\" QFormat=\"true\" Name=\"caption\" />\r\n<w:LsdException Locked=\"false\" Priority=\"10\" SemiHidden=\"false\"\r\nUnhideWhenUsed=\"false\" QFormat=\"true\" Name=\"Title\" />\r\n<w:LsdException Locked=\"false\" Priority=\"0\" Name=\"Default Paragraph Font\" />\r\n<w:LsdException Locked=\"false\" Priority=\"11\" SemiHidden=\"false\"\r\nUnhideWhenUsed=\"false\" QFormat=\"true\" Name=\"Subtitle\" />\r\n<w:LsdException Locked=\"false\" Priority=\"22\" SemiHidden=\"false\"\r\nUnhideWhenUsed=\"false\" QFormat=\"true\" Name=\"Strong\" />\r\n<w:LsdException Locked=\"false\" Priority=\"20\" SemiHidden=\"false\"\r\nUnhideWhenUsed=\"false\" QFormat=\"true\" Name=\"Emphasis\" />\r\n<w:LsdException Locked=\"false\" Priority=\"59\" SemiHidden=\"false\"\r\nUnhideWhenUsed=\"false\" Name=\"Table Grid\" />\r\n<w:LsdException Locked=\"false\" UnhideWhenUsed=\"false\" Name=\"Placeholder Text\" />\r\n<w:LsdException Locked=\"false\" Priority=\"1\" SemiHidden=\"false\"\r\nUnhideWhenUsed=\"false\" QFormat=\"true\" Name=\"No Spacing\" />\r\n<w:LsdException Locked=\"false\" Priority=\"60\" SemiHidden=\"false\"\r\nUnhideWhenUsed=\"false\" Name=\"Light Shading\" />\r\n<w:LsdException Locked=\"false\" Priority=\"61\" SemiHidden=\"false\"\r\nUnhideWhenUsed=\"false\" Name=\"Light List\" />\r\n<w:LsdException Locked=\"false\" Priority=\"62\" SemiHidden=\"false\"\r\nUnhideWhenUsed=\"false\" Name=\"Light Grid\" />\r\n<w:LsdException Locked=\"false\" Priority=\"63\" SemiHidden=\"false\"\r\nUnhideWhenUsed=\"false\" Name=\"Medium Shading 1\" />\r\n<w:LsdException Locked=\"false\" Priority=\"64\" SemiHidden=\"false\"\r\nUnhideWhenUsed=\"false\" Name=\"Medium Shading 2\" />\r\n<w:LsdException Locked=\"false\" Priority=\"65\" SemiHidden=\"false\"\r\nUnhideWhenUsed=\"false\" Name=\"Medium List 1\" />\r\n<w:LsdException Locked=\"false\" Priority=\"66\" SemiHidden=\"false\"\r\nUnhideWhenUsed=\"false\" Name=\"Medium List 2\" />\r\n<w:LsdException Locked=\"false\" Priority=\"67\" SemiHidden=\"false\"\r\nUnhideWhenUsed=\"false\" Name=\"Medium Grid 1\" />\r\n<w:LsdException Locked=\"false\" Priority=\"68\" SemiHidden=\"false\"\r\nUnhideWhenUsed=\"false\" Name=\"Medium Grid 2\" />\r\n<w:LsdException Locked=\"false\" Priority=\"69\" SemiHidden=\"false\"\r\nUnhideWhenUsed=\"false\" Name=\"Medium Grid 3\" />\r\n<w:LsdException Locked=\"false\" Priority=\"70\" SemiHidden=\"false\"\r\nUnhideWhenUsed=\"false\" Name=\"Dark List\" />\r\n<w:LsdException Locked=\"false\" Priority=\"71\" SemiHidden=\"false\"\r\nUnhideWhenUsed=\"false\" Name=\"Colorful Shading\" />\r\n<w:LsdException Locked=\"false\" Priority=\"72\" SemiHidden=\"false\"\r\nUnhideWhenUsed=\"false\" Name=\"Colorful List\" />\r\n<w:LsdException Locked=\"false\" Priority=\"73\" SemiHidden=\"false\"\r\nUnhideWhenUsed=\"false\" Name=\"Colorful Grid\" />\r\n<w:LsdException Locked=\"false\" Priority=\"60\" SemiHidden=\"false\"\r\nUnhideWhenUsed=\"false\" Name=\"Light Shading Accent 1\" />\r\n<w:LsdException Locked=\"false\" Priority=\"61\" SemiHidden=\"false\"\r\nUnhideWhenUsed=\"false\" Name=\"Light List Accent 1\" />\r\n<w:LsdException Locked=\"false\" Priority=\"62\" SemiHidden=\"false\"\r\nUnhideWhenUsed=\"false\" Name=\"Light Grid Accent 1\" />\r\n<w:LsdException Locked=\"false\" Priority=\"63\" SemiHidden=\"false\"\r\nUnhideWhenUsed=\"false\" Name=\"Medium Shading 1 Accent 1\" />\r\n<w:LsdException Locked=\"false\" Priority=\"64\" SemiHidden=\"false\"\r\nUnhideWhenUsed=\"false\" Name=\"Medium Shading 2 Accent 1\" />\r\n<w:LsdException Locked=\"false\" Priority=\"65\" SemiHidden=\"false\"\r\nUnhideWhenUsed=\"false\" Name=\"Medium List 1 Accent 1\" />\r\n<w:LsdException Locked=\"false\" UnhideWhenUsed=\"false\" Name=\"Revision\" />\r\n<w:LsdException Locked=\"false\" Priority=\"34\" SemiHidden=\"false\"\r\nUnhideWhenUsed=\"false\" QFormat=\"true\" Name=\"List Paragraph\" />\r\n<w:LsdException Locked=\"false\" Priority=\"29\" SemiHidden=\"false\"\r\nUnhideWhenUsed=\"false\" QFormat=\"true\" Name=\"Quote\" />\r\n<w:LsdException Locked=\"false\" Priority=\"30\" SemiHidden=\"false\"\r\nUnhideWhenUsed=\"false\" QFormat=\"true\" Name=\"Intense Quote\" />\r\n<w:LsdException Locked=\"false\" Priority=\"66\" SemiHidden=\"false\"\r\nUnhideWhenUsed=\"false\" Name=\"Medium List 2 Accent 1\" />\r\n<w:LsdException Locked=\"false\" Priority=\"67\" SemiHidden=\"false\"\r\nUnhideWhenUsed=\"false\" Name=\"Medium Grid 1 Accent 1\" />\r\n<w:LsdException Locked=\"false\" Priority=\"68\" SemiHidden=\"false\"\r\nUnhideWhenUsed=\"false\" Name=\"Medium Grid 2 Accent 1\" />\r\n<w:LsdException Locked=\"false\" Priority=\"69\" SemiHidden=\"false\"\r\nUnhideWhenUsed=\"false\" Name=\"Medium Grid 3 Accent 1\" />\r\n<w:LsdException Locked=\"false\" Priority=\"70\" SemiHidden=\"false\"\r\nUnhideWhenUsed=\"false\" Name=\"Dark List Accent 1\" />\r\n<w:LsdException Locked=\"false\" Priority=\"71\" SemiHidden=\"false\"\r\nUnhideWhenUsed=\"false\" Name=\"Colorful Shading Accent 1\" />\r\n<w:LsdException Locked=\"false\" Priority=\"72\" SemiHidden=\"false\"\r\nUnhideWhenUsed=\"false\" Name=\"Colorful List Accent 1\" />\r\n<w:LsdException Locked=\"false\" Priority=\"73\" SemiHidden=\"false\"\r\nUnhideWhenUsed=\"false\" Name=\"Colorful Grid Accent 1\" />\r\n<w:LsdException Locked=\"false\" Priority=\"60\" SemiHidden=\"false\"\r\nUnhideWhenUsed=\"false\" Name=\"Light Shading Accent 2\" />\r\n<w:LsdException Locked=\"false\" Priority=\"61\" SemiHidden=\"false\"\r\nUnhideWhenUsed=\"false\" Name=\"Light List Accent 2\" />\r\n<w:LsdException Locked=\"false\" Priority=\"62\" SemiHidden=\"false\"\r\nUnhideWhenUsed=\"false\" Name=\"Light Grid Accent 2\" />\r\n<w:LsdException Locked=\"false\" Priority=\"63\" SemiHidden=\"false\"\r\nUnhideWhenUsed=\"false\" Name=\"Medium Shading 1 Accent 2\" />\r\n<w:LsdException Locked=\"false\" Priority=\"64\" SemiHidden=\"false\"\r\nUnhideWhenUsed=\"false\" Name=\"Medium Shading 2 Accent 2\" />\r\n<w:LsdException Locked=\"false\" Priority=\"65\" SemiHidden=\"false\"\r\nUnhideWhenUsed=\"false\" Name=\"Medium List 1 Accent 2\" />\r\n<w:LsdException Locked=\"false\" Priority=\"66\" SemiHidden=\"false\"\r\nUnhideWhenUsed=\"false\" Name=\"Medium List 2 Accent 2\" />\r\n<w:LsdException Locked=\"false\" Priority=\"67\" SemiHidden=\"false\"\r\nUnhideWhenUsed=\"false\" Name=\"Medium Grid 1 Accent 2\" />\r\n<w:LsdException Locked=\"false\" Priority=\"68\" SemiHidden=\"false\"\r\nUnhideWhenUsed=\"false\" Name=\"Medium Grid 2 Accent 2\" />\r\n<w:LsdException Locked=\"false\" Priority=\"69\" SemiHidden=\"false\"\r\nUnhideWhenUsed=\"false\" Name=\"Medium Grid 3 Accent 2\" />\r\n<w:LsdException Locked=\"false\" Priority=\"70\" SemiHidden=\"false\"\r\nUnhideWhenUsed=\"false\" Name=\"Dark List Accent 2\" />\r\n<w:LsdException Locked=\"false\" Priority=\"71\" SemiHidden=\"false\"\r\nUnhideWhenUsed=\"false\" Name=\"Colorful Shading Accent 2\" />\r\n<w:LsdException Locked=\"false\" Priority=\"72\" SemiHidden=\"false\"\r\nUnhideWhenUsed=\"false\" Name=\"Colorful List Accent 2\" />\r\n<w:LsdException Locked=\"false\" Priority=\"73\" SemiHidden=\"false\"\r\nUnhideWhenUsed=\"false\" Name=\"Colorful Grid Accent 2\" />\r\n<w:LsdException Locked=\"false\" Priority=\"60\" SemiHidden=\"false\"\r\nUnhideWhenUsed=\"false\" Name=\"Light Shading Accent 3\" />\r\n<w:LsdException Locked=\"false\" Priority=\"61\" SemiHidden=\"false\"\r\nUnhideWhenUsed=\"false\" Name=\"Light List Accent 3\" />\r\n<w:LsdException Locked=\"false\" Priority=\"62\" SemiHidden=\"false\"\r\nUnhideWhenUsed=\"false\" Name=\"Light Grid Accent 3\" />\r\n<w:LsdException Locked=\"false\" Priority=\"63\" SemiHidden=\"false\"\r\nUnhideWhenUsed=\"false\" Name=\"Medium Shading 1 Accent 3\" />\r\n<w:LsdException Locked=\"false\" Priority=\"64\" SemiHidden=\"false\"\r\nUnhideWhenUsed=\"false\" Name=\"Medium Shading 2 Accent 3\" />\r\n<w:LsdException Locked=\"false\" Priority=\"65\" SemiHidden=\"false\"\r\nUnhideWhenUsed=\"false\" Name=\"Medium List 1 Accent 3\" />\r\n<w:LsdException Locked=\"false\" Priority=\"66\" SemiHidden=\"false\"\r\nUnhideWhenUsed=\"false\" Name=\"Medium List 2 Accent 3\" />\r\n<w:LsdException Locked=\"false\" Priority=\"67\" SemiHidden=\"false\"\r\nUnhideWhenUsed=\"false\" Name=\"Medium Grid 1 Accent 3\" />\r\n<w:LsdException Locked=\"false\" Priority=\"68\" SemiHidden=\"false\"\r\nUnhideWhenUsed=\"false\" Name=\"Medium Grid 2 Accent 3\" />\r\n<w:LsdException Locked=\"false\" Priority=\"69\" SemiHidden=\"false\"\r\nUnhideWhenUsed=\"false\" Name=\"Medium Grid 3 Accent 3\" />\r\n<w:LsdException Locked=\"false\" Priority=\"70\" SemiHidden=\"false\"\r\nUnhideWhenUsed=\"false\" Name=\"Dark List Accent 3\" />\r\n<w:LsdException Locked=\"false\" Priority=\"71\" SemiHidden=\"false\"\r\nUnhideWhenUsed=\"false\" Name=\"Colorful Shading Accent 3\" />\r\n<w:LsdException Locked=\"false\" Priority=\"72\" SemiHidden=\"false\"\r\nUnhideWhenUsed=\"false\" Name=\"Colorful List Accent 3\" />\r\n<w:LsdException Locked=\"false\" Priority=\"73\" SemiHidden=\"false\"\r\nUnhideWhenUsed=\"false\" Name=\"Colorful Grid Accent 3\" />\r\n<w:LsdException Locked=\"false\" Priority=\"60\" SemiHidden=\"false\"\r\nUnhideWhenUsed=\"false\" Name=\"Light Shading Accent 4\" />\r\n<w:LsdException Locked=\"false\" Priority=\"61\" SemiHidden=\"false\"\r\nUnhideWhenUsed=\"false\" Name=\"Light List Accent 4\" />\r\n<w:LsdException Locked=\"false\" Priority=\"62\" SemiHidden=\"false\"\r\nUnhideWhenUsed=\"false\" Name=\"Light Grid Accent 4\" />\r\n<w:LsdException Locked=\"false\" Priority=\"63\" SemiHidden=\"false\"\r\nUnhideWhenUsed=\"false\" Name=\"Medium Shading 1 Accent 4\" />\r\n<w:LsdException Locked=\"false\" Priority=\"64\" SemiHidden=\"false\"\r\nUnhideWhenUsed=\"false\" Name=\"Medium Shading 2 Accent 4\" />\r\n<w:LsdException Locked=\"false\" Priority=\"65\" SemiHidden=\"false\"\r\nUnhideWhenUsed=\"false\" Name=\"Medium List 1 Accent 4\" />\r\n<w:LsdException Locked=\"false\" Priority=\"66\" SemiHidden=\"false\"\r\nUnhideWhenUsed=\"false\" Name=\"Medium List 2 Accent 4\" />\r\n<w:LsdException Locked=\"false\" Priority=\"67\" SemiHidden=\"false\"\r\nUnhideWhenUsed=\"false\" Name=\"Medium Grid 1 Accent 4\" />\r\n<w:LsdException Locked=\"false\" Priority=\"68\" SemiHidden=\"false\"\r\nUnhideWhenUsed=\"false\" Name=\"Medium Grid 2 Accent 4\" />\r\n<w:LsdException Locked=\"false\" Priority=\"69\" SemiHidden=\"false\"\r\nUnhideWhenUsed=\"false\" Name=\"Medium Grid 3 Accent 4\" />\r\n<w:LsdException Locked=\"false\" Priority=\"70\" SemiHidden=\"false\"\r\nUnhideWhenUsed=\"false\" Name=\"Dark List Accent 4\" />\r\n<w:LsdException Locked=\"false\" Priority=\"71\" SemiHidden=\"false\"\r\nUnhideWhenUsed=\"false\" Name=\"Colorful Shading Accent 4\" />\r\n<w:LsdException Locked=\"false\" Priority=\"72\" SemiHidden=\"false\"\r\nUnhideWhenUsed=\"false\" Name=\"Colorful List Accent 4\" />\r\n<w:LsdException Locked=\"false\" Priority=\"73\" SemiHidden=\"false\"\r\nUnhideWhenUsed=\"false\" Name=\"Colorful Grid Accent 4\" />\r\n<w:LsdException Locked=\"false\" Priority=\"60\" SemiHidden=\"false\"\r\nUnhideWhenUsed=\"false\" Name=\"Light Shading Accent 5\" />\r\n<w:LsdException Locked=\"false\" Priority=\"61\" SemiHidden=\"false\"\r\nUnhideWhenUsed=\"false\" Name=\"Light List Accent 5\" />\r\n<w:LsdException Locked=\"false\" Priority=\"62\" SemiHidden=\"false\"\r\nUnhideWhenUsed=\"false\" Name=\"Light Grid Accent 5\" />\r\n<w:LsdException Locked=\"false\" Priority=\"63\" SemiHidden=\"false\"\r\nUnhideWhenUsed=\"false\" Name=\"Medium Shading 1 Accent 5\" />\r\n<w:LsdException Locked=\"false\" Priority=\"64\" SemiHidden=\"false\"\r\nUnhideWhenUsed=\"false\" Name=\"Medium Shading 2 Accent 5\" />\r\n<w:LsdException Locked=\"false\" Priority=\"65\" SemiHidden=\"false\"\r\nUnhideWhenUsed=\"false\" Name=\"Medium List 1 Accent 5\" />\r\n<w:LsdException Locked=\"false\" Priority=\"66\" SemiHidden=\"false\"\r\nUnhideWhenUsed=\"false\" Name=\"Medium List 2 Accent 5\" />\r\n<w:LsdException Locked=\"false\" Priority=\"67\" SemiHidden=\"false\"\r\nUnhideWhenUsed=\"false\" Name=\"Medium Grid 1 Accent 5\" />\r\n<w:LsdException Locked=\"false\" Priority=\"68\" SemiHidden=\"false\"\r\nUnhideWhenUsed=\"false\" Name=\"Medium Grid 2 Accent 5\" />\r\n<w:LsdException Locked=\"false\" Priority=\"69\" SemiHidden=\"false\"\r\nUnhideWhenUsed=\"false\" Name=\"Medium Grid 3 Accent 5\" />\r\n<w:LsdException Locked=\"false\" Priority=\"70\" SemiHidden=\"false\"\r\nUnhideWhenUsed=\"false\" Name=\"Dark List Accent 5\" />\r\n<w:LsdException Locked=\"false\" Priority=\"71\" SemiHidden=\"false\"\r\nUnhideWhenUsed=\"false\" Name=\"Colorful Shading Accent 5\" />\r\n<w:LsdException Locked=\"false\" Priority=\"72\" SemiHidden=\"false\"\r\nUnhideWhenUsed=\"false\" Name=\"Colorful List Accent 5\" />\r\n<w:LsdException Locked=\"false\" Priority=\"73\" SemiHidden=\"false\"\r\nUnhideWhenUsed=\"false\" Name=\"Colorful Grid Accent 5\" />\r\n<w:LsdException Locked=\"false\" Priority=\"60\" SemiHidden=\"false\"\r\nUnhideWhenUsed=\"false\" Name=\"Light Shading Accent 6\" />\r\n<w:LsdException Locked=\"false\" Priority=\"61\" SemiHidden=\"false\"\r\nUnhideWhenUsed=\"false\" Name=\"Light List Accent 6\" />\r\n<w:LsdException Locked=\"false\" Priority=\"62\" SemiHidden=\"false\"\r\nUnhideWhenUsed=\"false\" Name=\"Light Grid Accent 6\" />\r\n<w:LsdException Locked=\"false\" Priority=\"63\" SemiHidden=\"false\"\r\nUnhideWhenUsed=\"false\" Name=\"Medium Shading 1 Accent 6\" />\r\n<w:LsdException Locked=\"false\" Priority=\"64\" SemiHidden=\"false\"\r\nUnhideWhenUsed=\"false\" Name=\"Medium Shading 2 Accent 6\" />\r\n<w:LsdException Locked=\"false\" Priority=\"65\" SemiHidden=\"false\"\r\nUnhideWhenUsed=\"false\" Name=\"Medium List 1 Accent 6\" />\r\n<w:LsdException Locked=\"false\" Priority=\"66\" SemiHidden=\"false\"\r\nUnhideWhenUsed=\"false\" Name=\"Medium List 2 Accent 6\" />\r\n<w:LsdException Locked=\"false\" Priority=\"67\" SemiHidden=\"false\"\r\nUnhideWhenUsed=\"false\" Name=\"Medium Grid 1 Accent 6\" />\r\n<w:LsdException Locked=\"false\" Priority=\"68\" SemiHidden=\"false\"\r\nUnhideWhenUsed=\"false\" Name=\"Medium Grid 2 Accent 6\" />\r\n<w:LsdException Locked=\"false\" Priority=\"69\" SemiHidden=\"false\"\r\nUnhideWhenUsed=\"false\" Name=\"Medium Grid 3 Accent 6\" />\r\n<w:LsdException Locked=\"false\" Priority=\"70\" SemiHidden=\"false\"\r\nUnhideWhenUsed=\"false\" Name=\"Dark List Accent 6\" />\r\n<w:LsdException Locked=\"false\" Priority=\"71\" SemiHidden=\"false\"\r\nUnhideWhenUsed=\"false\" Name=\"Colorful Shading Accent 6\" />\r\n<w:LsdException Locked=\"false\" Priority=\"72\" SemiHidden=\"false\"\r\nUnhideWhenUsed=\"false\" Name=\"Colorful List Accent 6\" />\r\n<w:LsdException Locked=\"false\" Priority=\"73\" SemiHidden=\"false\"\r\nUnhideWhenUsed=\"false\" Name=\"Colorful Grid Accent 6\" />\r\n<w:LsdException Locked=\"false\" Priority=\"19\" SemiHidden=\"false\"\r\nUnhideWhenUsed=\"false\" QFormat=\"true\" Name=\"Subtle Emphasis\" />\r\n<w:LsdException Locked=\"false\" Priority=\"21\" SemiHidden=\"false\"\r\nUnhideWhenUsed=\"false\" QFormat=\"true\" Name=\"Intense Emphasis\" />\r\n<w:LsdException Locked=\"false\" Priority=\"31\" SemiHidden=\"false\"\r\nUnhideWhenUsed=\"false\" QFormat=\"true\" Name=\"Subtle Reference\" />\r\n<w:LsdException Locked=\"false\" Priority=\"32\" SemiHidden=\"false\"\r\nUnhideWhenUsed=\"false\" QFormat=\"true\" Name=\"Intense Reference\" />\r\n<w:LsdException Locked=\"false\" Priority=\"33\" SemiHidden=\"false\"\r\nUnhideWhenUsed=\"false\" QFormat=\"true\" Name=\"Book Title\" />\r\n<w:LsdException Locked=\"false\" Priority=\"37\" Name=\"Bibliography\" />\r\n<w:LsdException Locked=\"false\" Priority=\"39\" QFormat=\"true\" Name=\"TOC Heading\" />\r\n</w:LatentStyles>\r\n</xml><![endif]--><!--[if gte mso 10]>\r\n<style>\r\n/* Style Definitions */\r\ntable.MsoNormalTable\r\n{mso-style-name:\"Table Normal\";\r\nmso-tstyle-rowband-size:0;\r\nmso-tstyle-colband-size:0;\r\nmso-style-noshow:yes;\r\nmso-style-priority:99;\r\nmso-style-parent:\"\";\r\nmso-padding-alt:0in 5.4pt 0in 5.4pt;\r\nmso-para-margin:0in;\r\nmso-para-margin-bottom:.0001pt;\r\nmso-pagination:widow-orphan;\r\nfont-size:10.0pt;\r\nfont-family:\"Times New Roman\",\"serif\";}\r\n</style>\r\n<![endif]--><span style=\"font-size:12.0pt;mso-bidi-font-size:13.0pt;line-height:120%;font-weight:\r\nnormal\">Nội dung m&ocirc;n học cung cấp cho sinh vi&ecirc;n những kiến thức đại cương v&agrave; c&aacute;c nguy&ecirc;n l&yacute; cơ bản về tin học, hệ điều h&agrave;nh Windows v&agrave; một s&ocirc; tiện &iacute;ch tr&ecirc;n Windows, một số kh&aacute;i niệm, c&uacute; ph&aacute;p v&agrave; phương ph&aacute;p, kỹ năng lập tr&igrave;nh c&oacute; cấu tr&uacute;c tr&ecirc;n m&aacute;y t&iacute;nh bằng ng&ocirc;n ngữ cấp cao.</span></p>','<p>None</p>',4,'Đại học',45,30,'TH012','Không','Không','None',30,70,'12','<p>None</p>','Không',00000000015),(17,1,NULL,'Nhập môn Internet và Giáo dục điện tử','None','<p align=\"justify\">L&agrave; một sự kết hợp của c&aacute;c m&aacute;y t&iacute;nh tr&ecirc;n phạm vi to&agrave;n cầu. Những  m&aacute;y t&iacute;nh n&agrave;y <font face=\"Times New Roman\">được li</font>&ecirc;n kết với nhau th&ocirc;ng  qua một mạng lớn của hệ thống viễn th&ocirc;ng. Internet cho ph&eacute;p bạn c&oacute; khả n<font face=\"Times New Roman\">ăng truy cập c&aacute;c nguồn t</font>&agrave;i nguy&ecirc;n dữ liệu v&agrave; th&ocirc;ng  tin nằm ở tr&ecirc;n m&aacute;y t&iacute;nh ở những vị tr&iacute; kh&aacute;c nhau tr&ecirc;n to&agrave;n thế giới. C&aacute;c m&aacute;y  t&iacute;nh c&oacute; thể kết nối nhau th&ocirc;ng qua một phương thức truyền dữ liệu gọi chung l&agrave;  giao thức TCP/IP.</p>','<p>None</p>',3,'Đại học',15,30,'TH100','Nhóm biên soạn E-learning','Không có','None',30,70,'12','<p>None</p>','<p align=\"justify\">L&agrave; một sự kết hợp của c&aacute;c m&aacute;y t&iacute;nh tr&ecirc;n phạm vi to&agrave;n cầu. Những  m&aacute;y t&iacute;nh n&agrave;y <font face=\"Times New Roman\">được li</font>&ecirc;n kết với nhau th&ocirc;ng  qua một mạng lớn của hệ thống viễn th&ocirc;ng. Internet cho ph&eacute;p bạn c&oacute; khả n<font face=\"Times New Roman\">ăng truy cập c&aacute;c nguồn t</font>&agrave;i nguy&ecirc;n dữ liệu v&agrave; th&ocirc;ng  tin nằm ở tr&ecirc;n m&aacute;y t&iacute;nh ở những vị tr&iacute; kh&aacute;c nhau tr&ecirc;n to&agrave;n thế giới. C&aacute;c m&aacute;y  t&iacute;nh c&oacute; thể kết nối nhau th&ocirc;ng qua một phương thức truyền dữ liệu gọi chung l&agrave;  giao thức TCP/IP.</p>',00000000005);
/*!40000 ALTER TABLE `subject` ENABLE KEYS */;
UNLOCK TABLES;



--
-- Table structure for table `resource`
--

DROP TABLE IF EXISTS `resource`;
/*!40101 SET @saved_cs_client     = @@character_set_client */;
/*!40101 SET character_set_client = utf8 */;
CREATE TABLE `resource` (
  `ResourceID` int(11) NOT NULL AUTO_INCREMENT,
  `ResourceCategoryID` int(11) DEFAULT NULL,
  `SubjectID` int(11) DEFAULT NULL,
  `ResourceNameVN` text COLLATE utf8_unicode_ci,
  `ResourceNameEN` text COLLATE utf8_unicode_ci,
  `Size` int(11) DEFAULT NULL,
  `ServerName` varchar(255) COLLATE utf8_unicode_ci DEFAULT NULL,
  `SummaryVN` text COLLATE utf8_unicode_ci,
  `SummaryEN` text COLLATE utf8_unicode_ci,
  `PostDate` date DEFAULT NULL,
  `ViewerNumber` int(11) DEFAULT NULL,
  `DownloadNumber` int(11) DEFAULT NULL,
  `Format` varchar(45) COLLATE utf8_unicode_ci DEFAULT NULL,
  `Language` varchar(45) COLLATE utf8_unicode_ci DEFAULT NULL,
  `VoteMark` int(11) DEFAULT NULL,
  `OrderChapter` int(11) DEFAULT NULL,
  `Author` varchar(255) COLLATE utf8_unicode_ci DEFAULT NULL,
  `UploadName` varchar(255) COLLATE utf8_unicode_ci DEFAULT NULL,
  PRIMARY KEY (`ResourceID`),
  KEY `fk_resource_resourcecategory` (`ResourceCategoryID`),
  KEY `fk_resource_subject` (`SubjectID`),
  CONSTRAINT `fk_resource_resourcecategory` FOREIGN KEY (`ResourceCategoryID`) REFERENCES `resourcecategory` (`ResourceCategoryID`) ON DELETE NO ACTION ON UPDATE NO ACTION,
  CONSTRAINT `fk_resource_subject` FOREIGN KEY (`SubjectID`) REFERENCES `subject` (`SubjectID`) ON DELETE NO ACTION ON UPDATE NO ACTION
) ENGINE=InnoDB AUTO_INCREMENT=123 DEFAULT CHARSET=utf8 COLLATE=utf8_unicode_ci;
/*!40101 SET character_set_client = @saved_cs_client */;

--
-- Dumping data for table `resource`
--

LOCK TABLES `resource` WRITE;
/*!40000 ALTER TABLE `resource` DISABLE KEYS */;
INSERT INTO `resource` VALUES (36,7,16,'Khái niệm cơ bản','None',NULL,NULL,'<p>1. Dẫn nhập</p>\r\n<p>2. Chương tr&igrave;nh C</p>\r\n<p>3. C&aacute;c kiểu dữ liệu cơ sở</p>\r\n<p>4. Hằng, biến</p>','',NULL,NULL,NULL,NULL,NULL,NULL,1,NULL,NULL),(37,7,16,'Biểu thức và các phép toán trong C','None',NULL,NULL,'<p>1. Biểu thức trong C</p>\r\n<p>2. C&aacute;c ph&eacute;p to&aacute;n</p>','',NULL,NULL,NULL,NULL,NULL,NULL,2,NULL,NULL),(38,7,16,'Nhập xuất dữ liệu trong C','None',NULL,NULL,'<p>1. C&aacute;c h&agrave;m nhập xuất thuộc stdio.h</p>\r\n<p>2. C&aacute;c h&agrave;m nhập xuất thuộc conio.h</p>','',NULL,NULL,NULL,NULL,NULL,NULL,3,NULL,NULL),(39,7,16,'Các cấu trúc điều khiển trong C','None',NULL,NULL,'<p>1. C&acirc;u lệnh, khối lệnh</p>\r\n<p>2. To&aacute;n tử If</p>\r\n<p>3. To&aacute;n tử Switch</p>\r\n<p>4. To&aacute;n tử For</p>\r\n<p>5. To&aacute;n tử While</p>\r\n<p>6. To&aacute;n tử Do... While</p>\r\n<p>7. Ch&uacute; &yacute; khi gặp Break v&agrave; Continue trong While hay&nbsp; Do...While</p>\r\n<p>8. To&aacute;n tử Go to</p>','',NULL,NULL,NULL,NULL,NULL,NULL,4,NULL,NULL),(40,7,16,'Con trỏ và địa chỉ','None',NULL,NULL,'<p>1. To&aacute;n tử địa chỉ</p>\r\n<p>2. Con trỏ</p>\r\n<p>3. Quy tắc sử dụng con trỏ trong biểu thức</p>\r\n<p>4. Quy tắc về kiểu gi&aacute; trị trong khai b&aacute;o</p>\r\n<p>5. Bộ định t&iacute;nh Const với con trỏ</p>','',NULL,NULL,NULL,NULL,NULL,NULL,5,NULL,NULL),(41,7,16,'Hàm và cấu trúc chương trình','None',NULL,NULL,'<p>1. V&agrave;i n&eacute;t về h&agrave;m v&agrave; chương tr&igrave;nh</p>\r\n<p>2. V&iacute; dụ về chương tr&igrave;nh c&oacute; h&agrave;m</p>\r\n<p>3. C&aacute;ch viết một h&agrave;m</p>\r\n<p>4. H&agrave;m v&agrave; con trỏ</p>\r\n<p>&nbsp;</p>','',NULL,NULL,NULL,NULL,NULL,NULL,6,NULL,NULL),(42,7,16,'Mảng','None',NULL,NULL,'<p>1. Kh&aacute;i niệm</p>\r\n<p>2. C&aacute;ch khai b&aacute;o</p>\r\n<p>3. Chỉ số của mảng</p>\r\n<p>4. Lấy địa chỉ của phần tử mảng</p>\r\n<p>5. Nhập/ xuất dữ liệu cho c&aacute;c phần tử của mảng</p>\r\n<p>6. Một số vấn đề li&ecirc;n quan</p>\r\n<p>7. Con trỏ v&agrave; mảng</p>\r\n<p>8. H&agrave;m, con trỏ v&agrave; mảng</p>','',NULL,NULL,NULL,NULL,NULL,NULL,7,NULL,NULL),(43,7,16,'Chuỗi ký tự','None',NULL,NULL,'<p>1. Kh&aacute;i niệm</p>\r\n<p>2. C&aacute;ch thao t&aacute;c tr&ecirc;n chuỗi k&yacute; tự</p>\r\n<p>3. Con trỏ v&agrave; chuỗi k&yacute; tự</p>\r\n<p>4. Mảng chuỗi k&yacute; tự</p>','',NULL,NULL,NULL,NULL,NULL,NULL,8,NULL,NULL),(44,7,16,'Cấp phát và giải phóng bộ nhớ động','None',NULL,NULL,'<p>1. Nhắc lại về con trỏ</p>\r\n<p>2. Biến động</p>\r\n<p>3. Bộ nhớ Heap v&agrave; cơ chế tạo biến động</p>','',NULL,NULL,NULL,NULL,NULL,NULL,9,NULL,NULL),(45,7,16,'hàm Main có tham số - con trỏ hàm','None',NULL,NULL,'<p>1. H&agrave;m Main c&oacute; tham số</p>\r\n<p>2. Con trỏ h&agrave;m</p>','',NULL,NULL,NULL,NULL,NULL,NULL,10,NULL,NULL),(46,7,16,'Kiểu cấu trúc','None',NULL,NULL,'<p>1. Kiểu Enum</p>\r\n<p>2. Kiểu cấu tr&uacute;c</p>','',NULL,NULL,NULL,NULL,NULL,NULL,11,NULL,NULL),(47,7,16,'Các cấu trúc tự trỏ - kiểu hợp','None',NULL,NULL,'<p>1. C&aacute;c cấu tr&uacute;c tự trỏ</p>\r\n<p>2. Kiểu hợp</p>','',NULL,NULL,NULL,NULL,NULL,NULL,12,NULL,NULL),(48,7,16,'Đệ qui','None',NULL,NULL,'<p>1. Kh&aacute;i niệm chung về đệ qui</p>\r\n<p>2. C&aacute;ch d&ugrave;ng đệ qui</p>\r\n<p>3. Một v&agrave;i ứng dụng của đệ qui</p>','',NULL,NULL,NULL,NULL,NULL,NULL,13,NULL,NULL),(49,7,16,'kiểu tập tin','None',NULL,NULL,'<p>1. Kh&aacute;i niệm về tập tin</p>\r\n<p>2. Khai b&aacute;o dữ liệu</p>\r\n<p>3. C&aacute;c kiểu nhập - xuất</p>\r\n<p>4. C&aacute;c thao t&aacute;c tr&ecirc;n tập tin</p>\r\n<p>5. C&aacute;c h&agrave;m nhập xuất</p>\r\n<p>6. C&aacute;c h&agrave;m di chuyển con trỏ</p>\r\n<p>7. C&aacute;c h&agrave;m quản l&yacute; thư mục</p>','',NULL,NULL,NULL,NULL,NULL,NULL,14,NULL,NULL),(50,7,16,'Dự án','None',NULL,NULL,'<p>1. Ph&acirc;n chia chương tr&igrave;nh th&agrave;nh nhiều tập tin</p>\r\n<p>2. Dịch một chương tr&igrave;nh chứa nhiểu tập tin</p>\r\n<p>3. Biến to&agrave;n cục</p>','',NULL,NULL,NULL,NULL,NULL,NULL,15,NULL,NULL),(51,9,16,'AGuidetoC++',NULL,466440,'Image_file3625409311959990657',NULL,'Không',NULL,NULL,NULL,'rar',NULL,NULL,NULL,NULL,'AGuidetoC++.rar'),(52,9,16,'cpp-faq',NULL,877798,'Image_file5893246493166417785',NULL,'Không',NULL,NULL,NULL,'rar',NULL,NULL,NULL,NULL,'cpp-faq.rar'),(53,9,16,'cpp-ti',NULL,2922724,'Image_file6445725102357295833',NULL,'Không',NULL,NULL,NULL,'rar',NULL,NULL,NULL,NULL,'cpp-ti.rar'),(54,9,16,'cprogram',NULL,268679,'Image_file5299171065803438071',NULL,'Không',NULL,NULL,NULL,'rar',NULL,NULL,NULL,NULL,'cprogram.rar'),(55,9,16,'Trắc nghiệm C',NULL,318533,'Image_file5229710278819251648',NULL,'None',NULL,NULL,NULL,'pdf',NULL,NULL,NULL,NULL,'TracNghiemC.pdf'),(56,10,16,'Bai01',NULL,5750782,'ResourceChapter_file5292122841653018072',NULL,NULL,'2011-12-09',NULL,NULL,'rar',NULL,NULL,1,NULL,'Bai01.rar'),(57,10,16,'Bai02',NULL,9493576,'ResourceChapter_file6986971866067860217',NULL,NULL,'2011-12-09',NULL,NULL,'rar',NULL,NULL,2,NULL,'Bai02.rar'),(58,10,16,'Bai03',NULL,3183333,'ResourceChapter_file4150508115324122883',NULL,NULL,'2011-12-09',NULL,NULL,'rar',NULL,NULL,3,NULL,'Bai03.rar'),(59,10,16,'Bai04',NULL,9997738,'ResourceChapter_file6845083428247731835',NULL,NULL,'2011-12-09',NULL,NULL,'rar',NULL,NULL,4,NULL,'Bai04.rar'),(60,10,16,'Bai05',NULL,5922804,'ResourceChapter_file6281553580939653136',NULL,NULL,'2011-12-09',NULL,NULL,'rar',NULL,NULL,5,NULL,'Bai05.rar'),(61,10,16,'Bai06',NULL,7772159,'ResourceChapter_file5211297938703167421',NULL,NULL,'2011-12-09',NULL,NULL,'rar',NULL,NULL,6,NULL,'Bai06.rar'),(62,10,16,'Bai07',NULL,9720900,'ResourceChapter_file3579670643546240627',NULL,NULL,'2011-12-09',NULL,NULL,'rar',NULL,NULL,7,NULL,'Bai07.rar'),(63,10,16,'Bai08',NULL,9600471,'ResourceChapter_file5582907138906093338',NULL,NULL,'2011-12-09',NULL,NULL,'rar',NULL,NULL,8,NULL,'Bai08.rar'),(64,10,16,'Bai09',NULL,5223922,'ResourceChapter_file745279714694755527',NULL,NULL,'2011-12-09',NULL,NULL,'rar',NULL,NULL,9,NULL,'Bai09.rar'),(65,10,16,'Bai10',NULL,4529355,'ResourceChapter_file2936329650235662913',NULL,NULL,'2011-12-09',NULL,NULL,'rar',NULL,NULL,10,NULL,'Bai10.rar'),(66,10,16,'Bai11',NULL,6983384,'ResourceChapter_file7358294256150241160',NULL,NULL,'2011-12-09',NULL,NULL,'rar',NULL,NULL,11,NULL,'Bai11.rar'),(67,10,16,'Bai12',NULL,6035102,'ResourceChapter_file2721077127056694921',NULL,NULL,'2011-12-09',NULL,NULL,'rar',NULL,NULL,12,NULL,'Bai12.rar'),(68,10,16,'Bai13',NULL,8321666,'ResourceChapter_file1571395596882455926',NULL,NULL,'2011-12-09',NULL,NULL,'rar',NULL,NULL,13,NULL,'Bai13.rar'),(69,10,16,'Bai14',NULL,6430859,'ResourceChapter_file7303534532617897980',NULL,NULL,'2011-12-09',NULL,NULL,'rar',NULL,NULL,14,NULL,'Bai14.rar'),(70,10,16,'Bai15',NULL,12059000,'ResourceChapter_file3954496866838801900',NULL,NULL,'2011-12-09',NULL,NULL,'rar',NULL,NULL,15,NULL,'Bai15.rar'),(71,9,16,'JAMES L.ANTONAKOS && KENNETH C.MANSFIELD JR.:\"Application Programming in Structured C\". Prentice hall international editions-1996.',NULL,NULL,NULL,NULL,'None',NULL,NULL,NULL,NULL,NULL,NULL,NULL,NULL,NULL),(72,9,16,'MARK ALLEN WEISS: \"Efficient c programming a practical approach \". Prentice hall international editions-1997.',NULL,NULL,NULL,NULL,'None',NULL,NULL,NULL,NULL,NULL,NULL,NULL,NULL,NULL),(73,9,16,'BRIAN W.KERNIGHAN && DENNIS M.RITCHI:\"The C programming language\". Prentice hall international editions-1997.',NULL,NULL,NULL,NULL,'None',NULL,NULL,NULL,NULL,NULL,NULL,NULL,NULL,NULL),(74,9,16,'PHẠM VĂN ẤT:\"Kỹ thuật lập trình C: cơ sở và nâng cao\". Nhà xuất bản khoa học kỹthuật-1996 .',NULL,NULL,NULL,NULL,'None',NULL,NULL,NULL,NULL,NULL,NULL,NULL,NULL,NULL),(75,9,16,'NGUYỄN THANH THỦY, LÊ ĐĂNG HƯNG, TRẦN VIỆT LINH, LÊ ĐỨC TRUNG: \"Ngôn ngữ lập trình C thật là đơn giản\". Trường đại học bách khoa Hà nội-1996',NULL,NULL,NULL,NULL,'None',NULL,NULL,NULL,NULL,NULL,NULL,NULL,NULL,NULL),(76,9,16,'QUÁCH TUẤN NGỌC: \"Ngôn ngữ lập trình C\". Nhà xuất bản giáo dục - 1998.',NULL,NULL,NULL,NULL,'None',NULL,NULL,NULL,NULL,NULL,NULL,NULL,NULL,NULL),(77,5,16,'Chương 1',NULL,53248,'ResourceChapter_file646784485066826343',NULL,NULL,'2011-12-09',NULL,NULL,'doc',NULL,NULL,1,NULL,'Chuong1.doc'),(78,5,16,'Chương 2',NULL,47616,'ResourceChapter_file4967903569672307624',NULL,NULL,'2011-12-09',NULL,NULL,'doc',NULL,NULL,2,NULL,'Chuong2.doc'),(79,5,16,'Chương 3',NULL,38912,'ResourceChapter_file5216386932301109658',NULL,NULL,'2011-12-09',NULL,NULL,'doc',NULL,NULL,3,NULL,'Chuong3.doc'),(80,5,16,'Chương 4',NULL,56832,'ResourceChapter_file8155257028316337464',NULL,NULL,'2011-12-09',NULL,NULL,'doc',NULL,NULL,4,NULL,'Chuong4.doc'),(81,5,16,'Chương 5',NULL,33280,'ResourceChapter_file659507320607344809',NULL,NULL,'2011-12-09',NULL,NULL,'doc',NULL,NULL,5,NULL,'Chuong5.doc'),(82,5,16,'Chương 6',NULL,55296,'ResourceChapter_file8083818077402207166',NULL,NULL,'2011-12-09',NULL,NULL,'doc',NULL,NULL,6,NULL,'Chuong6.doc'),(83,5,16,'Chương 7',NULL,66048,'ResourceChapter_file2857757721818177597',NULL,NULL,'2011-12-09',NULL,NULL,'doc',NULL,NULL,7,NULL,'Chuong7.doc'),(84,5,16,'Chương 8',NULL,33792,'ResourceChapter_file501464635891145584',NULL,NULL,'2011-12-09',NULL,NULL,'doc',NULL,NULL,8,NULL,'Chuong8.doc'),(85,5,16,'Chương 9',NULL,31232,'ResourceChapter_file8564132365276361239',NULL,NULL,'2011-12-09',NULL,NULL,'doc',NULL,NULL,9,NULL,'Chuong9.doc'),(86,5,16,'Chương 10',NULL,36352,'ResourceChapter_file8567376658045824602',NULL,NULL,'2011-12-09',NULL,NULL,'doc',NULL,NULL,10,NULL,'Chuong10.doc'),(87,5,16,'Chương 11',NULL,46080,'ResourceChapter_file9130774885514680356',NULL,NULL,'2011-12-09',NULL,NULL,'doc',NULL,NULL,11,NULL,'Chuong11.doc'),(88,5,16,'Chương 12',NULL,37888,'ResourceChapter_file6074893604843683446',NULL,NULL,'2011-12-09',NULL,NULL,'doc',NULL,NULL,12,NULL,'Chuong12.doc'),(89,5,16,'Chương 13',NULL,31744,'ResourceChapter_file6591309421651925495',NULL,NULL,'2011-12-09',NULL,NULL,'doc',NULL,NULL,13,NULL,'Chuong13.doc'),(90,5,16,'Chương 14',NULL,50176,'ResourceChapter_file2797537665052286289',NULL,NULL,'2011-12-09',NULL,NULL,'doc',NULL,NULL,14,NULL,'Chuong14.doc'),(91,5,16,'Chương 15',NULL,34304,'ResourceChapter_file6147773212692631376',NULL,NULL,'2011-12-09',NULL,NULL,'doc',NULL,NULL,15,NULL,'Chuong15.doc'),(92,4,16,'Chương 1',NULL,28672,'ResourceChapter_file7429686797192946832',NULL,NULL,'2011-12-09',NULL,NULL,'doc',NULL,NULL,1,NULL,'Chuong1.doc'),(93,4,16,'Chương 2',NULL,40448,'ResourceChapter_file887160293208521800',NULL,NULL,'2011-12-09',NULL,NULL,'doc',NULL,NULL,2,NULL,'Chuong2.doc'),(94,4,16,'Chương 3',NULL,28160,'ResourceChapter_file5411265150878105764',NULL,NULL,'2011-12-09',NULL,NULL,'doc',NULL,NULL,3,NULL,'Chuong3.doc'),(95,4,16,'Chương 4',NULL,36352,'ResourceChapter_file1544174214005083851',NULL,NULL,'2011-12-09',NULL,NULL,'doc',NULL,NULL,4,NULL,'Chuong4.doc'),(96,4,16,'Chương 5',NULL,28672,'ResourceChapter_file8476853246396308181',NULL,NULL,'2011-12-09',NULL,NULL,'doc',NULL,NULL,5,NULL,'Chuong5.doc'),(97,4,16,'Chương 6',NULL,36864,'ResourceChapter_file7483893785088295274',NULL,NULL,'2011-12-09',NULL,NULL,'doc',NULL,NULL,6,NULL,'Chuong6.doc'),(98,4,16,'Chương 7',NULL,39936,'ResourceChapter_file5146983166063864980',NULL,NULL,'2011-12-09',NULL,NULL,'doc',NULL,NULL,7,NULL,'Chuong7.doc'),(99,4,16,'Chương 8',NULL,28160,'ResourceChapter_file2373058364258033561',NULL,NULL,'2011-12-09',NULL,NULL,'doc',NULL,NULL,8,NULL,'Chuong8.doc'),(100,4,16,'Chương 9',NULL,30720,'ResourceChapter_file1925742664102141633',NULL,NULL,'2011-12-09',NULL,NULL,'doc',NULL,NULL,9,NULL,'Chuong9.doc'),(101,4,16,'Chương 10',NULL,33792,'ResourceChapter_file2386456256373353881',NULL,NULL,'2011-12-09',NULL,NULL,'doc',NULL,NULL,10,NULL,'Chuong10.doc'),(102,4,16,'Chương 11',NULL,29696,'ResourceChapter_file2102110039651898363',NULL,NULL,'2011-12-09',NULL,NULL,'doc',NULL,NULL,11,NULL,'Chuong11.doc'),(103,4,16,'Chương 12',NULL,29184,'ResourceChapter_file9001351913049195178',NULL,NULL,'2011-12-09',NULL,NULL,'doc',NULL,NULL,12,NULL,'Chuong12.doc'),(104,4,16,'Chương 13',NULL,35328,'ResourceChapter_file4504495941898610799',NULL,NULL,'2011-12-09',NULL,NULL,'doc',NULL,NULL,13,NULL,'Chuong13.doc'),(105,4,16,'Chương 14',NULL,41984,'ResourceChapter_file7491352512338314978',NULL,NULL,'2011-12-09',NULL,NULL,'doc',NULL,NULL,14,NULL,'Chuong14.doc'),(106,4,16,'Chương 15',NULL,24576,'ResourceChapter_file2537503803977627477',NULL,NULL,'2011-12-09',NULL,NULL,'doc',NULL,NULL,15,NULL,'Chuong15.doc'),(107,7,17,'Internet','Internet',NULL,NULL,'<p>1. C&aacute;c kh&aacute;i niệm cơ bản</p>\r\n<p>2. Hệ thống đ&agrave;o tạo từ xa</p>\r\n<p>3. Thiết lập kết nối internet</p>\r\n<p>4. Truy cập dịch vụ internet</p>\r\n<p>5. Sử dụng chương tr&igrave;nh duyệt Web Browser</p>\r\n<p>6. Thư điện tử - chương tr&igrave;nh Outlook Express</p>\r\n<p>7. Bảo vệ mật m&atilde; truy nhập</p>\r\n<p>8. Một số lỗi thường gặp v&agrave; c&aacute;ch khắc phục khi sử dụng Internet</p>','<p>None</p>',NULL,NULL,NULL,NULL,NULL,NULL,1,NULL,NULL),(108,7,17,'E - Learning','E - Learning',NULL,NULL,'<p>1. C&aacute;c phương ph&aacute;p đ&agrave;o tạo th&ocirc;ng dụng</p>\r\n<p>2. Sự kh&aacute;c nhau giữa c&aacute;c phương ph&aacute;p</p>\r\n<p>3. N&ecirc;n chọn lựa E - learning như thế n&agrave;o?</p>\r\n<p>4. E - learning v&agrave; sự tương t&aacute;c</p>\r\n<p>5. Ch&uacute;ng ta cần phải l&agrave;m g&igrave; để E - learning c&oacute; hiệu lực</p>\r\n<p>6. Kết luận</p>','<p>NoneNone</p>',NULL,NULL,NULL,NULL,NULL,NULL,2,NULL,NULL),(109,7,17,'Tài Nguyên Học Tập','None',NULL,NULL,'<p>Kh&ocirc;ng c&oacute;</p>\r\n<br />','<p>NoneNone</p>',NULL,NULL,NULL,NULL,NULL,NULL,3,NULL,NULL),(112,7,17,'Đổi mới phương pháp dạy và học','None',NULL,NULL,'<p>1. Quy tr&igrave;nh dạy học</p>\r\n<p>2. Phương ph&aacute;p dạy truyền thống</p>\r\n<p>3. Phương ph&aacute;p dạy đổi mới</p>\r\n<p>4. T&agrave;i nguy&ecirc;n cơ bản</p>\r\n<p>5. T&agrave;i nguy&ecirc;n n&oacute;ng</p>\r\n<p>6. C&aacute;c bước quy tr&igrave;nh sản xuất</p>\r\n<p>7. X&acirc;y dựng t&agrave;i nguy&ecirc;n m&ocirc;n học</p>','',NULL,NULL,NULL,NULL,NULL,NULL,4,NULL,NULL),(113,7,17,'Internet và sự phát triển ở Việt Nam','None',NULL,NULL,'<p>1. Internet</p>\r\n<p>2. Ph&aacute;t triển internet</p>\r\n<p>3. T&igrave;nh h&igrave;nh ph&aacute;t triển thu&ecirc; bao internet gi&aacute;n tiếp</p>\r\n<p>4. Những thuận lợi cho qu&aacute; tr&igrave;nh ph&aacute;t triển internet ở Việt Nam</p>\r\n<p>5. Những c&ocirc;ng nghệ, dịch vụ mới được đưa v&agrave;o sử dụng</p>\r\n<p>6. Những kh&oacute; khăn, th&aacute;ch thức</p>\r\n<p>7. C&aacute;c c&ocirc;ng nghệ internet ti&ecirc;n tiến</p>','',NULL,NULL,NULL,NULL,NULL,NULL,5,NULL,NULL),(114,9,17,'Tài liệu hướng dẫn về cài đặt và truy cập vào hệ thống đào tạo từ xa của CITD – Đại học Quốc gia thành phố Hồ Chí Minh.',NULL,NULL,NULL,NULL,'None',NULL,NULL,NULL,NULL,NULL,NULL,NULL,NULL,NULL),(115,9,17,'Tài liệu Hội thảo đào tạo và sử dụng nguồn nhân lực công nghệ thông tin 2001-2005.',NULL,NULL,NULL,NULL,'None',NULL,NULL,NULL,NULL,NULL,NULL,NULL,NULL,NULL),(116,9,17,'Các bài nghiên cứu về Internet và Đổi mới phương phương pháp giảng dạy đại học với sự hỗ trợ của công nghệ thông tin.',NULL,NULL,NULL,NULL,'None',NULL,NULL,NULL,NULL,NULL,NULL,NULL,NULL,NULL),(117,9,17,'Bài tham khảo hệ thống tài nguyên học tập qua mạng của CITD – Đại học Quốc gia thành phố Hồ Chí Minh.',NULL,NULL,NULL,NULL,'None',NULL,NULL,NULL,NULL,NULL,NULL,NULL,NULL,NULL),(118,10,17,'Chương 1',NULL,353792,'ResourceChapter_file4584665733601254764',NULL,NULL,'2011-12-10',NULL,NULL,'doc',NULL,NULL,1,NULL,'Chuong1.doc'),(119,10,17,'Chương 2',NULL,53760,'ResourceChapter_file212038016303621823',NULL,NULL,'2011-12-10',NULL,NULL,'doc',NULL,NULL,2,NULL,'Chuong2.doc'),(120,10,17,'Chương 3',NULL,820224,'ResourceChapter_file1200895043692676605',NULL,NULL,'2011-12-10',NULL,NULL,'doc',NULL,NULL,3,NULL,'Chuong3.doc'),(121,10,17,'Chương 4',NULL,4839576,'ResourceChapter_file6296323719294544275',NULL,NULL,'2011-12-10',NULL,NULL,'rar',NULL,NULL,4,NULL,'Chuong4.rar'),(122,10,17,'Chương 5',NULL,149022,'ResourceChapter_file1413420208678088339',NULL,NULL,'2011-12-10',NULL,NULL,'rar',NULL,NULL,5,NULL,'Chuong5.rar');
/*!40000 ALTER TABLE `resource` ENABLE KEYS */;
UNLOCK TABLES;


/*!40103 SET TIME_ZONE=@OLD_TIME_ZONE */;

/*!40101 SET SQL_MODE=@OLD_SQL_MODE */;
/*!40014 SET FOREIGN_KEY_CHECKS=@OLD_FOREIGN_KEY_CHECKS */;
/*!40014 SET UNIQUE_CHECKS=@OLD_UNIQUE_CHECKS */;
/*!40101 SET CHARACTER_SET_CLIENT=@OLD_CHARACTER_SET_CLIENT */;
/*!40101 SET CHARACTER_SET_RESULTS=@OLD_CHARACTER_SET_RESULTS */;
/*!40101 SET COLLATION_CONNECTION=@OLD_COLLATION_CONNECTION */;
/*!40111 SET SQL_NOTES=@OLD_SQL_NOTES */;

-- Dump completed on 2011-12-10  0:24:53
